model,mae,rmse,mape,wape
baseline,442.5217857142857,612.3415237343338,18.447122225990924,16.88791494743367
prophet,350.5592841050844,451.98517160009106,34.359053235122694,13.378359134215124
