model,mae,rmse,mape,wape
baseline,433.87125,604.9585176436834,18.010613916516164,16.613920188080744
prophet,350.89640751789756,456.3992032386815,31.60078996321501,13.43662413397202
